{
	"pages": [
		{
		"path": "pages/index/login",
		"style": {
			"navigationBarTitleText": "登录",
			"navigationBarBackgroundColor":"#3288C8"
		}
	},
	{
		"path": "pages/index/order",
		"style": {
			"navigationBarTitleText": "我的预约",
			"navigationBarBackgroundColor":"#3288C8"
		}
	},
	{
		"path": "pages/index/seat",
		"style": {
			"navigationBarTitleText": "座位预约",
			"navigationBarBackgroundColor":"#3288C8"
		}
	},
	{
		"path": "pages/index/mine",
		"style": {
			"navigationBarTitleText": "个人中心",
			"navigationBarBackgroundColor":"#3288C8"
		}
	}
	],
	"globalStyle": {
		"navigationBarTextStyle": "white",
		"navigationBarTitleText": "uni-app",
		"navigationBarBackgroundColor": "#007AFF",
		"backgroundColor": "#FFFFFF"
	},
	"tabBar": {
		        "color": "#707070",
		        "selectedColor": "#3288C8",
		        "backgroundColor": "#ffffff",
		        "iconWidth": "24px",
		        "spacing": "3px",
		        "list": [{
		            "pagePath": "pages/index/order",
								"iconPath": "static/img/order.png",
								"selectedIconPath": "static/img/orderblue.png",
		            "text": "我的预约"
		        }, {
		            "pagePath": "pages/index/seat",
								"iconPath": "static/img/seat.png",
								"selectedIconPath": "static/img/seatblue.png",
		            "text": "座位预约"
		        },{
		            "pagePath": "pages/index/mine",
								"iconPath": "static/img/mine.png",
								"selectedIconPath": "static/img/mineblue.png",
		            "text": "个人中心"
		        }
						]
	}
}
